City_ID,City,Country,Lat,Lng,Max Temp,Humidity,Cloudiness,Wind Speed,Current Description
0,Lorengau,PG,-2.0226,147.2712,81.88,78,99,7.07,overcast clouds
1,Ayorou,NE,14.7308,0.9174,71.71,13,3,11.05,clear sky
2,Dudinka,RU,69.4058,86.1778,-3.39,94,100,13.87,overcast clouds
3,Nueve De Julio,AR,-35.4444,-60.8831,82.71,60,38,5.82,scattered clouds
4,Jamestown,US,42.097,-79.2353,12.09,54,0,3.0,clear sky
5,Faya,SA,18.3851,42.4509,55.51,75,0,6.11,clear sky
6,Severo-Kurilsk,RU,50.6789,156.125,23.79,77,92,18.37,light snow
7,Hit,IQ,33.6416,42.8251,49.55,61,38,3.53,scattered clouds
8,Kapaa,US,22.0752,-159.319,80.58,67,0,3.0,clear sky
9,Kalamazoo,US,42.2506,-85.55,20.95,36,75,5.75,broken clouds
10,Asosa,ET,10.0667,34.5333,64.62,37,4,4.94,clear sky
11,Pedasi,PA,7.5333,-80.0333,85.06,70,28,13.38,scattered clouds
12,Tornio,FI,65.8481,24.1466,23.02,92,99,13.27,overcast clouds
13,Narsaq,GL,60.9167,-46.05,12.42,96,100,2.15,light snow
14,Barrow,US,71.2906,-156.7887,-5.78,77,100,12.66,light snow
15,Ribeira Brava,PT,32.65,-17.0667,64.0,67,18,6.11,few clouds
16,Salinopolis,BR,-0.6136,-47.3561,75.43,89,100,5.23,overcast clouds
17,Mataura,NZ,-46.1927,168.8643,57.61,96,100,2.59,moderate rain
18,Bethel,US,41.3712,-73.414,19.36,64,100,1.99,overcast clouds
19,Puerto Ayora,EC,-0.7393,-90.3518,80.56,72,31,8.25,scattered clouds
20,Ushuaia,AR,-54.8,-68.3,44.26,93,100,18.41,moderate rain
21,Puerto Escondido,MX,15.85,-97.0667,83.23,65,20,9.22,few clouds
22,Ostrovnoy,RU,68.0531,39.5131,14.22,88,83,13.04,broken clouds
23,Tambopata,PE,-12.7333,-69.1833,74.64,97,97,1.54,overcast clouds
24,Arsikere,IN,13.3139,76.2561,69.66,72,97,3.15,overcast clouds
25,Requena,ES,39.4883,-1.1004,39.79,27,0,3.22,clear sky
26,New Norfolk,AU,-42.7826,147.0587,64.92,57,20,1.99,few clouds
27,Harnosand,SE,62.6323,17.9379,32.02,98,100,23.82,light snow
28,Port Alfred,ZA,-33.5906,26.891,70.12,85,44,12.08,scattered clouds
29,Cape Town,ZA,-33.9258,18.4232,67.26,70,0,5.99,clear sky
30,Sao Miguel Do Araguaia,BR,-13.275,-50.1628,72.23,93,99,6.04,overcast clouds
31,Corleone,IT,37.8134,13.3017,47.44,86,7,3.62,clear sky
32,Vaini,TO,-21.2,-175.2,81.48,78,100,15.75,overcast clouds
33,Isangel,VU,-19.55,169.2667,77.11,100,100,4.61,heavy intensity rain
34,Victoria,HK,22.2855,114.1577,59.25,82,96,1.01,overcast clouds
35,Eufaula,US,31.8913,-85.1455,45.03,24,0,4.61,clear sky
36,Punta Arenas,CL,-53.15,-70.9167,51.91,54,75,13.8,broken clouds
37,San Vicente,AR,-26.6167,-54.1333,67.8,79,91,5.5,overcast clouds
38,Port Elizabeth,ZA,-33.918,25.5701,66.49,88,0,10.36,clear sky
39,Marsh Harbour,BS,26.5412,-77.0636,59.77,61,39,27.29,scattered clouds
40,Pedreira,BR,-22.7419,-46.9014,72.57,97,100,3.85,overcast clouds
41,Saint-Philippe,RE,-21.3585,55.7679,76.55,86,51,8.77,light rain
42,Wenatchee,US,47.4235,-120.3103,31.44,74,100,0.0,overcast clouds
43,Mareeba,AU,-17.0,145.4333,75.92,84,98,2.3,overcast clouds
44,Saskylakh,RU,71.9167,114.0833,-21.17,100,99,3.49,overcast clouds
45,Hilo,US,19.7297,-155.09,80.33,57,75,10.36,broken clouds
46,Pacific Grove,US,36.6177,-121.9166,68.58,44,0,1.01,clear sky
47,Sao Joao Da Barra,BR,-21.6403,-41.0511,77.04,88,65,11.68,broken clouds
48,Obidos,BR,-1.9175,-55.5181,73.02,97,100,4.16,overcast clouds
49,Sura,RU,53.8879,45.7419,12.67,98,96,3.62,overcast clouds
50,Nikolskoye,RU,59.7035,30.7861,27.72,83,100,15.57,light snow
51,Bluff,NZ,-46.6,168.3333,58.89,87,100,7.23,overcast clouds
52,Sidi Ali,DZ,36.0998,0.4206,50.54,41,0,8.7,clear sky
53,Petropavlovsk-Kamchatskiy,RU,53.0452,158.6483,18.19,93,75,2.24,broken clouds
54,Albany,US,42.6001,-73.9662,12.63,62,100,5.01,overcast clouds
55,Liberty,US,31.8335,-81.5004,44.92,31,0,8.01,clear sky
56,La Ronge,CA,55.1001,-105.2842,10.62,72,100,5.75,overcast clouds
57,Port Macquarie,AU,-31.4333,152.9167,74.32,76,99,2.89,overcast clouds
58,Khatanga,RU,71.9667,102.5,-3.78,98,100,5.93,overcast clouds
59,Hobart,AU,-42.8794,147.3294,65.26,66,75,3.0,broken clouds
60,Launceston,AU,-41.45,147.1667,66.61,68,1,5.99,clear sky
61,Hermanus,ZA,-34.4187,19.2345,66.79,77,2,13.8,clear sky
62,Novyy Urengoy,RU,66.0833,76.6333,-11.88,97,99,7.43,overcast clouds
63,Esperance,AU,-33.8667,121.9,65.39,78,1,12.21,clear sky
64,Busselton,AU,-33.65,115.3333,68.04,91,7,13.53,clear sky
65,Genhe,CN,50.7833,121.5167,-18.35,100,28,2.24,scattered clouds
66,Zatyshshya,UA,47.3335,29.8733,24.82,88,18,8.3,few clouds
67,Guerrero Negro,MX,27.9769,-114.0611,69.67,29,13,13.09,few clouds
68,Comodoro Rivadavia,AR,-45.8667,-67.5,85.86,16,33,20.71,dust
69,Salalah,OM,17.0151,54.0924,69.89,73,0,2.3,clear sky
70,Lebu,CL,-37.6167,-73.65,63.54,77,1,11.18,clear sky
71,Dunda,TZ,-8.1167,34.25,64.69,89,100,0.49,overcast clouds
72,Souillac,MU,-20.5167,57.5167,79.18,83,40,6.91,scattered clouds
73,Shenjiamen,CN,29.9576,122.298,40.14,97,100,18.37,light rain
74,Tual,ID,-5.6667,132.75,82.74,77,100,14.38,light rain
75,Rikitea,PF,-23.1203,-134.9692,77.23,72,100,10.4,overcast clouds
76,Bredasdorp,ZA,-34.5322,20.0403,66.27,77,5,5.75,clear sky
77,Zaysan,KZ,47.4667,84.8667,-3.35,89,100,3.49,overcast clouds
78,Necochea,AR,-38.5473,-58.7368,86.04,46,1,19.19,clear sky
79,Shingu,JP,33.7333,135.9833,36.79,72,93,6.46,overcast clouds
80,Nabire,ID,-3.3667,135.4833,75.54,89,99,2.91,overcast clouds
81,Arraial Do Cabo,BR,-22.9661,-42.0278,75.27,94,80,13.49,light rain
82,Yellowknife,CA,62.456,-114.3525,-4.59,83,75,8.05,light snow
83,Lodja,CD,-3.4833,23.4333,73.22,74,82,0.81,broken clouds
84,Dingle,PH,10.9995,122.6711,74.39,91,10,1.86,clear sky
85,Margate,GB,51.3813,1.3862,47.3,68,40,8.01,scattered clouds
86,Khandyga,RU,62.6667,135.6,-41.17,99,66,1.92,broken clouds
87,Podor,MR,16.6527,-14.9587,82.35,26,0,2.3,clear sky
88,Atuona,PF,-9.8,-139.0333,77.63,76,14,12.19,few clouds
89,Cayenne,GF,4.9333,-52.3333,79.09,85,0,1.01,clear sky
90,Klaksvik,FO,62.2266,-6.589,34.72,64,49,24.23,scattered clouds
91,Puranpur,IN,28.5167,80.15,47.5,78,0,7.54,clear sky
92,Fortuna,US,40.5982,-124.1573,61.41,76,0,4.0,clear sky
93,Chokurdakh,RU,70.6333,147.9167,-11.78,85,100,1.74,overcast clouds
94,Yuanping,CN,38.7153,112.7575,22.8,63,8,1.21,clear sky
95,Campos,BR,-21.75,-41.3,75.4,92,78,10.56,broken clouds
96,Entre Rios,BR,-11.9419,-38.0844,72.43,92,98,4.88,light rain
97,Provideniya,RU,64.3833,-173.3,3.51,85,4,4.41,clear sky
98,Cozumel,MX,20.5083,-86.9458,73.47,67,75,5.01,broken clouds
99,Inyonga,TZ,-6.7167,32.0667,63.63,95,89,0.36,overcast clouds
100,Boleslawiec,PL,51.2642,15.5697,46.02,74,100,28.97,overcast clouds
101,Puerto Narino,CO,-3.7703,-70.3831,91.35,57,19,2.95,few clouds
102,Georgetown,MY,5.4112,100.3354,81.9,92,20,2.3,mist
103,Portlethen,GB,57.0547,-2.1307,39.78,72,40,4.0,scattered clouds
104,Asfi,MA,32.2994,-9.2372,60.84,73,48,3.36,scattered clouds
105,Kamaishi,JP,39.2667,141.8833,26.15,59,14,11.45,few clouds
106,East London,ZA,-33.0153,27.9116,71.56,82,82,9.66,broken clouds
107,Seoul,KR,37.5683,126.9778,22.44,85,0,4.61,clear sky
108,Deputatskiy,RU,69.3,139.9,-18.11,89,100,2.15,overcast clouds
109,Cidreira,BR,-30.1811,-50.2056,72.39,60,45,12.66,scattered clouds
110,Qaanaaq,GL,77.484,-69.3632,2.46,62,100,10.49,overcast clouds
111,Orel-Izumrud,RU,43.4583,39.9244,41.02,70,100,18.01,light intensity shower rain
112,Laguna,US,38.421,-121.4238,67.64,44,0,1.99,clear sky
113,Abu Dhabi,AE,24.4667,54.3667,66.96,76,0,0.0,clear sky
114,Port Hardy,CA,50.6996,-127.4199,46.76,87,100,19.57,light rain
115,Ponta Do Sol,PT,32.6667,-17.1,64.0,66,22,5.57,few clouds
116,Verkhoyansk,RU,67.5447,133.385,-32.93,100,100,1.45,overcast clouds
117,Lamar,US,33.6668,-95.5836,66.36,17,0,17.27,clear sky
118,Cinnaminson,US,39.9968,-74.9927,22.75,50,100,1.99,overcast clouds
119,Mahebourg,MU,-20.4081,57.7,79.09,83,40,6.91,scattered clouds
120,Amahai,ID,-3.3333,128.9167,78.51,82,100,6.42,overcast clouds
121,Uyovu,TZ,-3.2833,31.5258,66.49,77,96,2.57,overcast clouds
122,Straumen,NO,63.8709,11.2999,37.4,94,100,11.79,overcast clouds
123,Ancud,CL,-41.8697,-73.8203,61.43,91,64,12.57,light rain
124,Bangassou,CF,4.7413,22.8184,68.58,30,5,3.67,clear sky
125,Dubbo,AU,-32.25,148.6167,77.13,73,79,12.66,broken clouds
126,Akdagmadeni,TR,39.6603,35.8836,14.45,78,100,4.0,overcast clouds
127,Sao Filipe,CV,14.8961,-24.4956,71.1,72,100,13.13,overcast clouds
128,Butaritari,KI,3.0707,172.7902,82.38,75,34,20.29,light rain
129,Ulaangom,MN,49.9811,92.0667,-23.57,90,97,3.65,overcast clouds
130,Te Anau,NZ,-45.4167,167.7167,57.49,90,100,1.12,overcast clouds
131,Castro,BR,-24.7911,-50.0119,59.94,99,100,6.78,overcast clouds
132,Palmer,US,42.1584,-72.3287,15.4,76,100,7.0,light snow
133,Likasi,CD,-10.9814,26.7333,63.3,97,100,4.07,light rain
134,Iqaluit,CA,63.7506,-68.5145,-9.67,59,75,5.75,light snow
135,Tarnogskiy Gorodok,RU,60.4997,43.5761,9.99,98,89,4.59,overcast clouds
136,Alta Floresta,BR,-9.8756,-56.0861,70.29,98,100,2.93,overcast clouds
137,Kushiro,JP,42.975,144.3747,9.55,66,20,2.3,few clouds
138,Izberbash,RU,42.5696,47.8645,26.65,70,21,4.36,few clouds
139,Wagga Wagga,AU,-35.1167,147.3667,79.84,68,1,10.04,clear sky
140,Kahului,US,20.8947,-156.47,82.42,53,40,8.05,scattered clouds
141,Eyl,SO,7.9803,49.8164,74.35,68,80,20.02,broken clouds
142,Serik,TR,36.9169,31.0989,46.74,79,100,9.57,light rain
143,Ribeira Grande,PT,38.5167,-28.7,59.47,71,28,7.76,scattered clouds
144,Nemuro,JP,43.3236,145.575,16.95,72,49,17.36,scattered clouds
145,Porto Novo,BJ,6.4965,2.6036,82.22,70,33,2.62,scattered clouds
146,Kruisfontein,ZA,-34.0033,24.7314,60.89,92,0,3.09,clear sky
147,Clyde River,CA,70.4692,-68.5914,-7.37,59,100,17.27,light snow
148,Minot,US,48.2325,-101.2963,30.11,69,0,12.66,clear sky
149,Labuhan,ID,-6.8844,112.2051,77.94,87,100,6.89,overcast clouds
150,Bengkulu,ID,-3.8004,102.2655,75.76,91,100,4.03,moderate rain
151,Langenburg,DE,49.2544,9.8458,44.33,90,100,17.27,overcast clouds
152,Rorvik,NO,64.8621,11.2373,37.54,90,100,30.49,overcast clouds
153,Kodiak,US,57.79,-152.4072,35.11,55,0,25.32,clear sky
154,Frontera,MX,26.9333,-101.45,60.33,58,0,6.91,clear sky
155,Galway,IE,53.2719,-9.0489,39.15,71,84,4.16,broken clouds
156,Vallenar,CL,-28.5708,-70.7581,76.53,42,0,7.92,clear sky
157,Maydolong,PH,11.4992,125.5011,75.83,93,38,4.12,scattered clouds
158,Cockburn Town,TC,21.4612,-71.1419,78.76,73,20,5.75,few clouds
159,Punta Alta,AR,-38.8759,-62.0736,91.44,29,1,13.42,clear sky
160,Latnaya,RU,51.6586,38.9011,30.09,94,100,4.99,overcast clouds
161,Pisco,PE,-13.7,-76.2167,71.65,73,0,14.97,clear sky
162,Talnakh,RU,69.4865,88.3972,-3.8,96,100,9.31,overcast clouds
163,Lagoa,PT,39.05,-27.9833,58.55,72,64,13.96,broken clouds
164,Kuryk,KZ,43.2,51.65,40.39,82,100,18.12,overcast clouds
165,Ovsyanka,RU,55.9575,92.5519,-9.78,99,65,4.47,broken clouds
166,Cherskiy,RU,68.75,161.3,-27.76,100,57,2.46,broken clouds
167,Kaspiysk,RU,42.8816,47.6392,26.78,86,43,6.71,scattered clouds
168,Vardo,NO,70.3705,31.1107,21.65,80,92,2.24,overcast clouds
169,Bratsk,RU,56.1325,101.6142,-7.11,100,86,2.04,overcast clouds
170,Sarai,RU,53.7458,41.0213,26.42,95,100,6.35,overcast clouds
171,Ahipara,NZ,-35.1667,173.1667,72.27,55,58,7.72,broken clouds
172,Ambon,ID,-3.6954,128.1814,80.74,78,40,4.61,scattered clouds
173,Atar,MR,20.5169,-13.0499,74.95,20,100,4.52,overcast clouds
174,Gisborne,NZ,-38.6533,178.0042,76.95,59,0,3.18,clear sky
175,Khed,IN,17.7167,73.3833,65.57,43,8,3.06,clear sky
176,La Ciotat,FR,43.1748,5.6045,44.69,58,0,12.1,clear sky
177,Minudasht,IR,37.2289,55.3747,41.67,66,0,3.62,clear sky
178,Asau,RO,46.4333,26.4,27.52,86,85,8.39,overcast clouds
179,Cabo San Lucas,MX,22.8909,-109.9124,79.52,56,0,5.01,clear sky
180,Faanui,PF,-16.4833,-151.75,80.22,73,18,9.66,few clouds
181,Saint-Francois,FR,46.4154,3.9054,38.68,98,100,5.75,mist
182,Araouane,ML,18.9048,-3.5265,70.59,13,84,12.28,broken clouds
183,Bambous Virieux,MU,-20.3428,57.7575,79.05,83,40,6.91,scattered clouds
184,Preeceville,CA,51.95,-102.6677,11.64,93,100,2.95,overcast clouds
185,Tuatapere,NZ,-46.1333,167.6833,57.45,95,100,4.74,overcast clouds
186,Avarua,CK,-21.2078,-159.775,82.45,78,64,13.8,broken clouds
187,Dunedin,NZ,-45.8742,170.5036,59.31,81,100,3.42,overcast clouds
188,Dunmore Town,BS,25.5,-76.65,61.54,63,79,26.49,broken clouds
189,College,US,64.8569,-147.8028,-9.45,73,40,0.0,scattered clouds
190,Cantanhede,BR,-3.6333,-44.3767,72.43,97,100,2.75,light rain
191,Cam Ranh,VN,11.9214,109.1591,75.16,78,40,5.75,scattered clouds
192,Marawi,PH,7.9986,124.2928,65.64,95,90,1.19,overcast clouds
193,Nagorsk,RU,59.3172,50.8078,6.76,99,100,3.87,overcast clouds
194,Killybegs,IE,54.6333,-8.45,38.44,66,86,7.78,overcast clouds
195,Skibbereen,IE,51.55,-9.2667,44.4,83,66,4.76,broken clouds
196,Linxia,CN,35.6003,103.2064,8.13,86,58,2.84,broken clouds
197,Dikson,RU,73.5069,80.5464,4.5,94,99,21.81,overcast clouds
198,Fairbanks,US,64.8378,-147.7164,-9.44,73,0,0.0,clear sky
199,Wollongong,AU,-34.4333,150.8833,80.74,78,99,4.34,overcast clouds
200,Broken Hill,AU,-31.95,141.4333,78.49,66,19,12.26,few clouds
201,Alfena,PT,41.2367,-8.5245,54.07,38,0,8.01,clear sky
202,Geraldton,AU,-28.7667,114.6,68.41,88,0,3.44,clear sky
203,Shanghai,CN,31.2222,121.4581,37.27,72,100,1.99,light rain
204,Biograd Na Moru,HR,43.9433,15.4519,39.9,70,53,4.45,broken clouds
205,Luderitz,NA,-26.6481,15.1594,67.55,79,80,9.51,broken clouds
206,Port-Gentil,GA,-0.7193,8.7815,78.76,94,20,4.61,few clouds
207,Riyadh,SA,24.6877,46.7219,51.94,39,0,10.2,clear sky
208,Antofagasta,CL,-23.65,-70.4,67.28,73,17,7.85,few clouds
209,Kiruna,SE,67.8557,20.2251,13.12,85,100,3.44,overcast clouds
210,Tasiilaq,GL,65.6145,-37.6368,14.16,74,95,6.96,overcast clouds
211,Lata,PT,40.1629,-8.3327,49.05,52,0,5.68,clear sky
212,Katherine,AU,-14.4667,132.2667,79.12,89,98,9.22,overcast clouds
213,Nanortalik,GL,60.1432,-45.2371,20.71,64,100,17.83,light snow
214,Rio Gallegos,AR,-51.6226,-69.2181,46.45,93,100,12.66,moderate rain
215,Kampot,KH,10.6167,104.1833,78.85,88,59,3.74,broken clouds
216,Mana,GF,5.6592,-53.7767,76.84,83,98,8.43,overcast clouds
217,Saint George,US,37.1041,-113.5841,60.44,13,0,1.99,clear sky
218,Saldanha,ZA,-33.0117,17.9442,64.96,87,0,15.08,clear sky
219,Coxim,BR,-18.5067,-54.76,75.78,91,88,4.72,light rain
220,Mount Gambier,AU,-37.8333,140.7667,62.51,94,100,8.05,overcast clouds
221,Ha Tinh,VN,18.3333,105.9,65.05,92,100,11.03,overcast clouds
222,Half Moon Bay,US,37.4636,-122.4286,67.62,49,0,1.99,clear sky
223,Vanavara,RU,60.34,102.2797,-5.85,99,100,3.02,overcast clouds
224,Lagunas,PE,-5.2269,-75.6753,90.64,49,98,3.6,overcast clouds
225,Brekstad,NO,63.687,9.6654,39.29,87,75,25.32,light intensity shower rain
226,Zirandaro,MX,18.45,-100.9833,96.33,24,0,1.39,clear sky
227,Polignano A Mare,IT,40.9959,17.2159,47.71,47,4,21.25,clear sky
228,Englewood,US,39.6478,-104.9878,58.84,25,20,4.61,few clouds
229,Starkville,US,33.4504,-88.8184,44.8,28,0,5.46,clear sky
230,Aktas,KZ,49.7789,72.9608,21.74,93,100,11.41,overcast clouds
231,Beloha,MG,-25.1667,45.05,72.21,86,4,10.13,clear sky
232,Kurumkan,RU,54.3,110.3,-17.45,92,43,3.6,scattered clouds
233,Abapo,BO,-18.8333,-63.4667,80.13,42,86,2.44,overcast clouds
234,Pevek,RU,69.7008,170.3133,-18.87,100,83,4.18,broken clouds
235,Carnarvon,AU,-24.8667,113.6333,77.07,88,79,10.36,broken clouds
236,Kamenka,RU,51.3223,42.7678,31.75,99,100,6.35,light snow
237,Matara,LK,5.9485,80.5353,77.18,86,92,5.75,overcast clouds
238,Solenzo,BF,12.1833,-4.0833,78.37,14,10,7.0,clear sky
239,Ojinaga,MX,29.5667,-104.4167,64.58,38,0,0.0,clear sky
240,Okitipupa,NG,6.5047,4.7839,73.54,50,51,1.72,broken clouds
241,Bitung,ID,1.4451,125.1824,76.05,84,100,6.62,overcast clouds
242,Korla,CN,41.7597,86.1469,24.03,51,100,7.43,overcast clouds
243,Mitchell,US,43.7094,-98.0298,47.1,38,0,8.01,clear sky
244,Port Hawkesbury,CA,45.6169,-61.3485,48.18,100,100,11.5,mist
245,Shakhtinsk,KZ,49.71,72.5872,22.53,93,100,12.19,overcast clouds
246,Evensk,RU,61.95,159.2333,16.32,79,100,11.12,overcast clouds
247,Goderich,CA,43.7501,-81.7165,15.91,73,92,5.75,overcast clouds
248,La Crosse,US,43.8014,-91.2396,28.31,60,0,5.99,clear sky
249,Hasaki,JP,35.7333,140.8333,34.2,57,74,20.11,broken clouds
250,Nara,JP,34.6851,135.8049,42.08,53,34,4.12,scattered clouds
251,Hovd,MN,48.0056,91.6419,-13.47,73,14,2.28,few clouds
252,Hervey Bay,AU,-25.2986,152.8535,83.03,82,65,11.01,broken clouds
253,Mitsamiouli,KM,-11.3847,43.2844,80.6,74,70,4.18,broken clouds
254,Arlit,NE,18.7369,7.3853,62.83,15,1,6.4,clear sky
255,Chumikan,RU,54.7183,135.315,-1.32,88,100,21.25,overcast clouds
256,Kailua,US,21.4022,-157.7394,80.65,63,0,10.36,clear sky
257,Nome,US,64.5011,-165.4064,2.1,64,0,0.0,clear sky
258,Sola,VU,-13.8833,167.55,83.1,77,99,21.77,overcast clouds
259,Yumen,CN,40.2833,97.2,13.03,64,0,5.84,clear sky
260,Svetlogorsk,BY,52.6333,29.7333,23.72,90,98,13.47,overcast clouds
261,San Patricio,US,28.017,-97.5169,67.01,25,43,5.77,scattered clouds
262,Lyuban,BY,52.7985,28.0048,27.93,96,100,18.16,snow
263,Torbay,CA,47.6666,-52.7314,33.58,93,100,24.16,overcast clouds
264,Kaifeng,CN,34.7911,114.3483,23.86,86,7,5.86,clear sky
265,Billings,US,45.7833,-108.5007,55.17,15,75,10.36,broken clouds
266,Namibe,AO,-15.1961,12.1522,72.03,77,100,6.67,overcast clouds
267,Saint-Augustin,CA,51.226,-58.6502,7.75,88,100,16.89,light snow
268,Blackwater,AU,-23.5833,148.8833,78.28,58,7,5.95,clear sky
269,Tuktoyaktuk,CA,69.4541,-133.0374,-5.8,77,75,18.41,light snow
270,Thompson,CA,55.7435,-97.8558,-0.24,71,20,8.05,few clouds
271,Ha Giang,VN,22.8333,104.9833,56.89,92,100,1.21,overcast clouds
272,Kapit,MY,2.0167,112.9333,72.81,100,100,0.38,overcast clouds
273,Jalu,LY,29.0331,21.5482,51.85,38,0,12.64,clear sky
274,Sorong,ID,-0.8833,131.25,80.35,80,100,8.19,overcast clouds
275,Itarema,BR,-2.9248,-39.9167,79.05,72,97,8.99,overcast clouds
276,Yar-Sale,RU,66.8333,70.8333,-9.96,97,90,8.63,overcast clouds
277,Erzin,TR,36.9559,36.2,41.72,75,99,6.11,overcast clouds
278,Iquique,CL,-20.2208,-70.1431,73.44,75,27,1.5,scattered clouds
279,Mnogovershinnyy,RU,53.9353,139.9242,-4.68,97,100,5.88,overcast clouds
280,Banda Aceh,ID,5.5577,95.3222,79.79,79,77,6.35,broken clouds
281,Monrovia,LR,6.3005,-10.7969,78.57,82,78,7.34,broken clouds
282,Kavieng,PG,-2.5744,150.7967,83.1,73,100,6.6,overcast clouds
283,Hay River,CA,60.8156,-115.7999,-2.22,78,100,8.05,light snow
284,Yemelyanovo,RU,56.1681,92.6767,-9.92,77,36,0.0,scattered clouds
285,Gamba,GA,-2.65,10.0,77.32,88,93,4.0,overcast clouds
286,Arman,RU,59.7,150.1667,9.46,84,100,14.07,overcast clouds
287,Olafsvik,IS,64.8945,-23.7142,38.26,67,100,29.66,overcast clouds
288,Anadyr,RU,64.75,177.4833,-14.01,75,40,0.0,fog
289,Shellbrook,CA,53.2168,-106.4011,16.83,92,34,1.92,scattered clouds
290,Nyurba,RU,63.2842,118.3319,-21.51,99,92,4.88,overcast clouds
291,Tubmanburg,LR,6.8708,-10.8172,75.63,88,60,2.35,broken clouds
292,Poyarkovo,RU,49.6,128.6833,-19.57,100,87,4.07,overcast clouds
293,Mahon,ES,39.8885,4.2658,43.36,100,0,3.44,clear sky
294,Todos Santos,MX,23.45,-110.2167,79.02,67,0,10.74,clear sky
295,Inongo,CD,-1.95,18.2667,76.12,60,100,4.18,overcast clouds
296,Codrington,AU,-38.2667,141.9667,65.1,81,85,7.99,overcast clouds
297,Samarkand,UZ,39.6542,66.9597,31.42,86,100,4.61,overcast clouds
298,Omboue,GA,-1.5746,9.2618,78.51,88,93,6.24,overcast clouds
299,Puri,IN,19.8,85.85,54.12,41,36,5.41,scattered clouds
300,Broome,US,42.2506,-75.833,11.17,65,0,1.01,clear sky
301,Ilulissat,GL,69.2167,-51.1,12.22,52,100,19.57,overcast clouds
302,Airai,TL,-8.9266,125.4092,61.2,91,100,3.31,overcast clouds
303,Paamiut,GL,61.994,-49.6678,15.28,68,100,22.64,light snow
304,Vytegra,RU,61.0064,36.4481,7.16,97,93,8.16,overcast clouds
305,Mogadishu,SO,2.0371,45.3438,77.07,80,24,21.25,few clouds
306,Bam,IR,29.106,58.357,53.65,39,5,3.2,clear sky
307,Norman Wells,CA,65.282,-126.8329,-21.96,76,75,3.44,broken clouds
308,Maniitsoq,GL,65.4167,-52.9,8.44,72,100,26.66,light snow
309,Belluno,IT,46.145,12.2214,36.88,69,17,1.01,few clouds
310,Yashan,CN,22.1975,109.9419,49.17,79,99,10.4,overcast clouds
311,Lompoc,US,34.6391,-120.4579,72.09,48,0,8.05,clear sky
312,Cabedelo,BR,-6.9811,-34.8339,79.47,79,72,8.84,broken clouds
313,Rawson,AR,-43.3002,-65.1023,81.68,34,71,12.19,broken clouds
314,Husavik,IS,66.0449,-17.3389,33.71,77,49,18.99,scattered clouds
315,Norfolk,US,42.1668,-71.2495,18.09,91,100,1.99,haze
316,Povenets,RU,62.8487,34.8262,13.86,94,100,12.06,overcast clouds
317,Port Blair,IN,11.6667,92.75,75.79,79,52,9.73,broken clouds
318,Namatanai,PG,-3.6667,152.4333,81.66,77,100,2.1,overcast clouds
319,Longyearbyen,SJ,78.2186,15.6401,8.44,66,0,16.11,clear sky
320,Bourail,NC,-21.5667,165.4833,82.17,78,52,8.12,broken clouds
321,Alyangula,AU,-13.8483,136.4192,82.45,78,100,17.67,heavy intensity rain
322,Sumbawanga,TZ,-7.9667,31.6167,57.31,87,100,1.36,overcast clouds
323,Polikhronon,GR,40.0166,23.5283,40.39,67,91,8.59,overcast clouds
324,Nyuksenitsa,RU,60.4128,44.2397,12.99,97,92,5.28,overcast clouds
325,Daitari,IN,21.1,85.75,53.28,40,30,3.74,scattered clouds
326,Sarahan,IN,31.5167,77.8,29.1,53,1,10.89,clear sky
327,Pinega,RU,64.7001,43.3936,9.19,97,99,6.76,overcast clouds
328,Norrtalje,SE,59.758,18.705,42.73,93,100,8.43,overcast clouds
329,Mapiripan,CO,2.8892,-72.1256,91.35,33,100,5.79,overcast clouds
330,Ouadda,CF,8.0777,22.4007,64.71,25,50,5.41,scattered clouds
331,Tura,IN,25.5198,90.2201,50.23,62,0,2.53,clear sky
332,Upernavik,GL,72.7868,-56.1549,3.04,92,100,9.6,overcast clouds
333,Buin,CL,-33.7333,-70.75,80.06,46,0,12.35,clear sky
334,Imperial,US,33.0334,-115.4175,73.08,10,90,5.48,overcast clouds
335,Blyznyuky,UA,48.8578,36.5551,26.4,95,100,11.27,overcast clouds
336,Pirojpur,BD,22.5667,89.9833,55.6,51,0,2.62,clear sky
337,Auki,SB,-8.7676,160.7034,81.99,81,99,6.11,overcast clouds
338,Rio Grande,BR,-32.035,-52.0986,73.94,63,0,12.88,clear sky
339,Ugoofaaru,MV,5.6667,73.0,82.06,70,76,16.53,broken clouds
340,Envira,BR,-7.3,-70.2167,79.66,80,99,4.14,light rain
341,San Andres,CO,12.5847,-81.7006,84.22,61,20,10.36,few clouds
342,La Palma,US,33.8464,-118.0467,71.02,22,100,1.99,overcast clouds
343,Flin Flon,CA,54.7682,-101.865,6.64,66,20,3.44,few clouds
344,Marovoay,MG,-16.1,46.6333,78.94,85,41,3.09,light rain
345,Jasper,US,37.2001,-94.3502,60.82,25,0,5.01,clear sky
346,Shimoda,JP,34.6667,138.95,38.1,73,73,11.5,broken clouds
347,Clarksburg,US,39.2807,-80.3445,20.89,44,0,10.36,clear sky
348,Benguela,AO,-12.5763,13.4055,77.58,82,100,6.51,overcast clouds
349,Tiznit,MA,29.5833,-9.5,57.87,31,0,18.61,clear sky
350,Hofn,IS,64.2539,-15.2082,30.29,56,14,7.05,few clouds
351,Shahreza,IR,32.0339,51.8794,34.39,41,0,4.09,clear sky
352,San Rafael,AR,-34.6177,-68.3301,89.73,25,0,17.34,clear sky
353,Nuuk,GL,64.1835,-51.7216,9.21,85,100,23.02,light shower snow
354,Richards Bay,ZA,-28.783,32.0377,71.85,82,62,2.62,broken clouds
355,Katsuura,JP,35.1333,140.3,41.18,83,51,15.39,broken clouds
356,Chicama,PE,-7.8447,-79.1469,68.54,65,85,9.73,overcast clouds
357,Suzun,RU,53.7841,82.3116,-6.99,100,56,4.14,broken clouds
358,Mancio Lima,BR,-7.6142,-72.8958,84.27,70,75,4.61,moderate rain
359,Bilibino,RU,68.0546,166.4372,-3.39,87,100,3.22,overcast clouds
360,Inhambane,MZ,-23.865,35.3833,76.15,73,88,8.57,overcast clouds
361,Kaitangata,NZ,-46.2817,169.8464,56.79,93,100,3.85,moderate rain
362,San Cristobal,VE,7.7669,-72.225,77.18,51,22,6.38,few clouds
363,Camacha,PT,33.0833,-16.3333,60.53,88,40,9.22,scattered clouds
364,Qinggang,CN,46.6833,126.0833,-7.44,94,18,6.55,few clouds
365,Ballitoville,ZA,-29.539,31.2144,71.24,94,75,6.91,broken clouds
366,Kribi,CM,2.95,9.9167,80.94,84,100,8.79,overcast clouds
367,Belle Fourche,US,44.6714,-103.8522,52.5,14,14,13.33,few clouds
368,Erdenet,MN,49.0333,104.0833,-10.43,99,84,4.7,broken clouds
369,Bhiwani,IN,28.7833,76.1333,51.01,60,0,5.99,clear sky
370,Kwinana,AU,-32.25,115.7667,76.8,67,13,9.73,few clouds
371,Ola,RU,59.5833,151.2833,12.0,81,100,12.17,overcast clouds
372,Bowen,AU,-20.0167,148.2333,78.82,75,8,10.09,clear sky
373,Athens,GR,37.9795,23.7162,49.1,82,75,11.99,broken clouds
374,Key Largo,US,25.0865,-80.4473,59.02,42,41,20.89,scattered clouds
375,Jiwani,PK,25.05,61.7417,71.87,78,0,11.14,clear sky
376,Chuy,UY,-33.6971,-53.4616,71.42,68,16,10.65,few clouds
377,Vila Do Maio,CV,15.1333,-23.2167,70.59,72,100,19.1,overcast clouds
378,Minas De Barroteran,MX,27.6333,-101.2833,60.66,24,7,6.58,clear sky
379,Lasa,IT,46.6166,10.7002,47.66,63,8,8.57,clear sky
380,Itaituba,BR,-4.2761,-55.9836,71.71,99,100,2.8,moderate rain
381,Makat,KZ,47.6469,53.3463,26.4,96,100,11.23,light snow
382,Darhan,MN,49.4867,105.9228,-15.14,99,96,2.57,overcast clouds
383,Port Lincoln,AU,-34.7333,135.8667,66.92,84,34,13.96,scattered clouds
384,Ibra,OM,22.6906,58.5334,64.0,64,3,1.05,clear sky
385,Tessalit,ML,20.1986,1.0114,67.98,15,60,11.61,broken clouds
386,Kapuskasing,CA,49.4169,-82.4331,12.29,85,100,2.3,overcast clouds
387,Mar Del Plata,AR,-38.0023,-57.5575,82.42,42,0,6.91,clear sky
388,Balkhash,KZ,46.844,74.9804,25.32,96,100,13.06,overcast clouds
389,Kununurra,AU,-15.7667,128.7333,80.58,89,100,10.36,overcast clouds
390,Ishigaki,JP,24.3448,124.1572,64.53,94,75,13.8,broken clouds
391,Attingal,IN,8.6833,76.8333,76.68,78,72,5.23,broken clouds
392,Praia Da Vitoria,PT,38.7333,-27.0667,59.25,88,75,10.38,broken clouds
393,Taltal,CL,-25.4,-70.4833,68.5,70,6,7.36,clear sky
394,Marystown,CA,47.1666,-55.1483,39.85,100,100,15.01,overcast clouds
395,Thinadhoo,MV,0.5333,72.9333,80.98,73,97,4.85,overcast clouds
396,Champerico,GT,14.3,-91.9167,88.75,65,6,11.43,clear sky
397,Miyazu,JP,35.5333,135.1833,36.5,93,99,7.78,overcast clouds
398,Meulaboh,ID,4.1363,96.1285,77.02,89,73,3.04,broken clouds
399,Hamilton,US,39.1834,-84.5333,25.36,60,100,1.01,overcast clouds
400,Panubigan,PH,7.4281,123.3466,77.68,81,97,1.48,overcast clouds
401,Hastings,GB,50.8552,0.5729,47.32,75,4,12.75,clear sky
402,Bubaque,GW,11.2833,-15.8333,78.44,73,84,21.68,broken clouds
403,Avesta,SE,60.1455,16.1679,39.92,96,100,16.89,snow
404,Khorixas,NA,-20.3667,14.9667,68.07,58,100,6.46,overcast clouds
405,Boa Vista,BR,2.8197,-60.6733,87.78,45,40,8.05,scattered clouds
406,Eravur,LK,7.7733,81.6095,76.03,86,18,2.57,few clouds
407,Grindavik,IS,63.8424,-22.4338,36.07,80,75,12.66,broken clouds
408,Batagay,RU,67.6333,134.6333,-34.42,99,99,2.77,overcast clouds
409,Cabo Rojo,PR,18.0866,-67.1457,80.91,75,18,1.01,few clouds
410,Hostotipaquillo,MX,21.0667,-104.0667,80.85,20,0,5.1,clear sky
411,Yeppoon,AU,-23.1333,150.7333,76.78,79,93,15.55,overcast clouds
412,San Jose,US,37.3394,-121.895,67.91,42,40,3.44,scattered clouds
413,Bilma,NE,18.6853,12.9164,59.86,19,2,11.56,clear sky
414,Skjervoy,NO,70.0311,20.9714,27.28,57,7,7.94,clear sky
415,Olga,RU,43.7444,135.2892,7.39,56,14,13.18,few clouds
416,Bella Union,UY,-30.2752,-57.6007,87.66,22,0,9.78,clear sky
417,Aklavik,CA,68.2191,-135.0107,-13.97,69,75,2.3,broken clouds
418,Yulara,AU,-25.2406,130.9889,76.84,88,100,12.66,overcast clouds
419,Yarada,IN,17.65,83.2667,62.92,88,20,2.3,mist
420,Mayumba,GA,-3.432,10.6554,77.41,90,69,1.88,broken clouds
421,Kinsale,IE,51.7075,-8.5306,43.97,75,20,4.61,few clouds
422,Dukat,RU,62.55,155.55,-8.64,99,100,2.98,overcast clouds
423,Doha,QA,25.2867,51.5333,60.78,67,0,9.22,clear sky
424,Rome,US,34.257,-85.1647,38.05,29,1,1.99,clear sky
425,Saposoa,PE,-6.934,-76.7716,88.41,68,100,1.61,overcast clouds
426,Blairmore,CA,49.6,-114.4353,39.07,38,100,12.66,overcast clouds
427,Oranjemund,NA,-28.55,16.4333,66.18,84,78,8.48,broken clouds
428,Mahibadhoo,MV,3.7833,72.9667,81.39,69,29,9.91,scattered clouds
429,Bogorodskoye,RU,56.55,37.8833,10.62,98,97,3.24,overcast clouds
430,Owando,CG,-0.4819,15.8999,73.87,42,70,3.78,broken clouds
431,Muros,ES,42.7762,-9.0603,53.83,76,15,5.57,few clouds
432,Maunabo,PR,18.0072,-65.8993,81.05,78,3,4.32,clear sky
433,Muroto,JP,33.2833,134.15,42.84,64,99,7.05,overcast clouds
434,Sungairaya,ID,0.7,108.9,76.03,89,100,3.89,overcast clouds
435,Kupino,RU,54.3663,77.2981,1.44,87,27,9.44,scattered clouds
436,Barinas,VE,8.6226,-70.2075,92.89,40,54,5.75,broken clouds
437,Sitka,US,57.0531,-135.33,37.29,75,100,14.97,light snow
438,Tooele,US,40.5308,-112.2983,44.96,80,0,5.75,clear sky
439,Garden City,US,42.3256,-83.331,20.98,63,75,1.01,broken clouds
440,Sept-Iles,CA,50.2001,-66.3821,6.06,61,100,8.01,overcast clouds
441,Sur,OM,22.5667,59.5289,70.9,53,3,5.48,clear sky
442,Lucea,JM,18.451,-78.1736,78.66,72,9,12.21,clear sky
443,Urumqi,CN,43.801,87.6005,-4.85,84,75,2.24,mist
444,Archidona,ES,37.0965,-4.3887,50.92,41,0,5.19,clear sky
445,Point Pleasant,US,40.0832,-74.0682,21.31,75,100,4.0,overcast clouds
446,Lavrentiya,RU,65.5833,-171.0,-2.88,83,3,3.67,clear sky
447,Ketchikan,US,55.3422,-131.6461,43.27,70,40,11.5,scattered clouds
448,Burns Lake,CA,54.2331,-125.7533,36.82,88,98,5.23,overcast clouds
449,Aksu,CN,41.1231,80.2644,24.6,48,98,2.98,overcast clouds
450,Hirara,JP,24.8,125.2833,66.06,94,75,16.11,broken clouds
451,Palu,ID,-0.8917,119.8707,74.79,94,100,2.37,overcast clouds
452,Baie-Saint-Paul,CA,47.4411,-70.4986,10.38,48,100,11.01,overcast clouds
453,Bani Walid,LY,31.7566,13.9942,50.31,67,76,19.48,broken clouds
454,Metro,ID,-5.1131,105.3067,74.55,92,100,1.59,overcast clouds
455,Dennery,LC,13.8996,-60.8879,78.93,73,40,8.05,scattered clouds
456,Nevsehir,TR,38.9167,34.6667,0.61,85,75,0.0,mist
457,Krutinka,RU,56.0055,71.5113,4.77,87,100,8.34,overcast clouds
458,Luanda,AO,-8.8368,13.2343,78.37,85,100,6.4,overcast clouds
459,Nioro,GM,13.35,-15.75,80.82,24,91,7.09,overcast clouds
460,Panjab,AF,34.388,67.0233,2.73,97,30,2.24,scattered clouds
461,Vostok,RU,46.4856,135.8833,-19.89,99,100,4.34,overcast clouds
462,Tezu,IN,27.9167,96.1667,49.69,51,0,3.67,clear sky
463,Masallatah,LY,32.6167,14.0,52.25,60,88,22.75,overcast clouds
464,Bardiyah,LY,31.7561,25.0865,54.25,66,100,25.97,overcast clouds
465,Bathsheba,BB,13.2167,-59.5167,77.61,73,20,13.8,few clouds
466,Petrozavodsk,RU,61.7849,34.3469,20.66,85,100,8.95,light snow
467,Nouadhibou,MR,20.931,-17.0347,64.38,77,91,17.27,overcast clouds
468,Ayagoz,KZ,47.9714,80.4392,13.82,94,100,6.87,light snow
469,Llangefni,GB,53.2556,-4.3106,45.73,76,75,9.22,broken clouds
470,Taylor,US,32.3001,-99.8337,66.42,14,0,7.0,clear sky
471,Sotouboua,TG,8.5667,0.9833,77.65,19,77,4.56,broken clouds
472,Awjilah,LY,29.1081,21.2869,51.98,37,0,13.8,clear sky
473,Ankara,TR,39.9199,32.8543,13.12,93,79,3.38,broken clouds
474,Nguru,NG,12.8791,10.4526,63.79,13,3,11.34,clear sky
475,Altay,CN,47.8667,88.1167,1.99,52,36,7.36,scattered clouds
476,Hualmay,PE,-11.0964,-77.6139,73.09,75,57,10.58,broken clouds
477,Makakilo City,US,21.3469,-158.0858,80.92,55,0,16.11,clear sky
478,Bend,US,44.0582,-121.3153,53.38,35,0,3.0,clear sky
479,Haines Junction,CA,60.7522,-137.5108,12.15,67,100,10.36,overcast clouds
480,Turan,VN,16.0678,108.2208,75.18,88,75,2.3,broken clouds
481,Umm Kaddadah,SD,13.6017,26.6876,56.89,19,5,15.17,clear sky
482,Oskemen,KZ,49.9565,82.6119,-14.84,76,20,0.0,mist
483,Mayo,US,38.8876,-76.5119,25.86,40,0,11.99,clear sky
484,Oudtshoorn,ZA,-33.5907,22.2014,61.16,80,0,2.57,clear sky
485,Anchorage,US,61.2181,-149.9003,27.68,84,20,5.01,few clouds
486,Sompeta,IN,18.9333,84.6,62.85,53,2,3.96,clear sky
487,Morondava,MG,-20.2833,44.2833,80.8,78,2,9.6,clear sky
488,Kirakira,SB,-10.4544,161.9205,82.45,81,100,8.66,overcast clouds
489,Carmen,MX,18.6333,-91.8333,71.64,60,75,14.97,mist
490,Utete,TZ,-7.986,38.758,72.25,98,100,2.01,overcast clouds
491,Abu Samrah,SY,35.3029,37.1841,39.13,83,61,6.02,broken clouds
492,Wilmington,US,34.2257,-77.9447,36.95,49,0,14.97,clear sky
493,Walvis Bay,NA,-22.9575,14.5053,63.55,82,9,13.8,clear sky
494,Wilmington Island,US,32.0036,-80.9737,44.69,35,0,18.41,clear sky
495,Neryungri,RU,56.6709,124.6491,-9.04,94,100,9.28,overcast clouds
496,Tame,CO,6.461,-71.73,91.96,29,32,9.08,scattered clouds
497,Komsomolskiy,UZ,40.4272,71.7189,38.62,80,75,4.61,fog
498,Manakara,MG,-22.1333,48.0167,74.68,81,46,3.6,scattered clouds
499,Labuan,MY,5.2767,115.2417,77.36,100,40,0.0,scattered clouds
500,Groa,NO,62.65,8.7167,37.49,97,99,15.26,overcast clouds
501,Santa Cruz,BO,-17.8,-63.1667,91.45,35,20,6.91,few clouds
502,Camabatela,AO,-8.1881,15.375,63.39,98,100,2.08,overcast clouds
503,Coquimbo,CL,-29.9533,-71.3436,65.93,72,20,13.8,few clouds
504,Lambarene,GA,-0.7001,10.2406,77.2,89,100,4.45,overcast clouds
505,Redlands,US,34.0556,-117.1825,67.3,20,75,8.05,broken clouds
506,Cahors,FR,44.4167,1.3333,33.15,93,3,3.76,clear sky
507,Mamlyutka,KZ,54.9375,68.5394,3.2,90,100,5.97,overcast clouds
508,Constitucion,CL,-35.3333,-72.4167,63.97,77,40,9.71,scattered clouds
509,Ibaiti,BR,-23.8486,-50.1878,61.84,96,100,8.55,overcast clouds
510,Atikokan,CA,48.7555,-91.6216,18.9,94,100,2.55,light snow
511,Takoradi,GH,4.8845,-1.7554,79.75,86,10,4.76,clear sky
512,Salinas,US,36.6777,-121.6555,68.97,38,0,0.0,clear sky
513,Birao,CF,10.2849,22.7882,66.16,17,61,6.38,broken clouds
514,Bandrele,YT,-12.9067,45.1914,76.75,94,0,3.44,clear sky
515,Fortaleza,BR,-3.7227,-38.5247,81.21,78,40,5.75,scattered clouds
516,Sao Domingos,BR,-13.3983,-46.3183,69.89,90,99,5.1,overcast clouds
517,Santa Maria Do Para,BR,-1.3503,-47.5756,71.33,96,100,4.43,overcast clouds
518,Qasigiannguit,GL,68.8193,-51.1922,12.45,72,91,16.53,overcast clouds
519,Sangar,RU,63.9242,127.4739,-35.66,99,83,3.0,broken clouds
520,Sinnamary,GF,5.3833,-52.95,77.0,83,86,8.05,overcast clouds
521,Santa Maria,BR,-29.6842,-53.8069,76.3,53,20,12.66,few clouds
522,Buala,SB,-8.145,159.5921,82.17,80,100,7.29,light rain
523,Tocopilla,CL,-22.092,-70.1979,68.2,72,7,4.56,clear sky
524,Capoterra,IT,39.1763,8.9718,49.53,73,0,5.75,clear sky
525,Uaua,BR,-9.8414,-39.4817,72.14,79,100,7.47,overcast clouds
526,Saint-Joseph,RE,-21.3667,55.6167,75.56,85,37,9.48,scattered clouds
527,Boshnyakovo,RU,49.6333,142.1667,-4.63,97,97,8.39,overcast clouds
528,Iranshahr,IR,27.2025,60.6848,60.67,44,0,0.54,clear sky
529,Nador,MA,35.174,-2.9287,59.25,72,0,6.91,clear sky
530,Vidalia,US,32.2177,-82.4135,43.95,26,0,12.66,clear sky
531,Caravelas,BR,-17.7125,-39.2481,78.82,82,0,10.49,clear sky
532,Doembang Nangbuat,TH,14.8333,100.1,75.06,70,36,3.42,scattered clouds
533,Ucluelet,CA,48.9329,-125.5528,43.11,91,100,3.0,light rain
534,Chabahar,IR,25.2919,60.643,71.56,74,0,10.38,clear sky
535,Mwene-Ditu,CD,-7.0,23.45,65.84,94,100,3.0,light rain
536,Pakhni,GR,41.3,24.9,34.56,77,10,4.83,clear sky
537,Havre,FR,49.5833,0.3333,48.63,100,100,16.11,mist
538,Santiago Del Estero,AR,-27.7951,-64.2615,88.36,29,0,3.2,clear sky
539,Athabasca,CA,54.7169,-113.2854,40.82,84,79,7.96,broken clouds
540,Baghdad,IQ,33.3406,44.4009,39.11,75,0,2.3,clear sky
541,Kodinsk,RU,58.6881,99.1844,-1.75,99,100,2.57,overcast clouds
542,Christchurch,NZ,-43.5333,172.6333,75.33,67,85,3.0,overcast clouds
543,Morroa,CO,9.3335,-75.3054,81.59,62,71,14.7,broken clouds
544,San Antonio,US,29.4241,-98.4936,68.38,18,0,1.01,clear sky
545,Camana,PE,-16.6228,-72.7111,72.54,65,83,5.73,broken clouds
546,Timra,SE,62.487,17.3257,31.71,94,100,11.5,snow
547,Hami,CN,42.8,93.45,20.03,46,0,3.83,clear sky
548,Mont-De-Marsan,FR,44.0,-0.6667,37.78,100,100,6.91,mist
549,Jiayuguan,CN,39.8167,98.3,11.46,64,4,2.37,clear sky
550,Santa Isabel Do Rio Negro,BR,-0.4139,-65.0192,78.48,91,100,2.17,overcast clouds
551,Eyemouth,GB,55.8713,-2.0901,41.04,68,7,18.52,clear sky
552,Lanzhou,CN,36.0564,103.7922,11.48,90,14,1.14,few clouds
553,Inta,RU,66.0317,60.1659,9.72,85,100,7.81,overcast clouds
554,Puerto Maldonado,PE,-12.6,-69.1833,76.82,92,94,1.48,overcast clouds
555,Hithadhoo,MV,-0.6,73.0833,80.71,69,92,3.53,overcast clouds
556,Mabaruma,GY,8.2,-59.7833,74.37,78,22,4.09,few clouds
557,Mufumbwe,ZM,-13.6833,24.8,64.13,97,100,4.56,light rain
558,Russell,US,32.3502,-85.1999,42.96,25,0,12.66,clear sky
559,Gladstone,AU,-23.85,151.25,78.73,73,75,12.66,broken clouds
560,Feijo,BR,-8.1642,-70.3536,77.0,94,98,2.08,heavy intensity rain
561,Greenville,US,35.6127,-77.3663,35.53,47,40,8.05,scattered clouds
562,Paysandu,UY,-32.3214,-58.0756,82.6,53,0,7.34,clear sky
563,Lai,TD,9.3952,16.2989,75.99,16,19,10.29,few clouds
564,Kachug,RU,53.9606,105.8817,-20.69,100,99,1.14,overcast clouds
565,Papetoai,PF,-17.4961,-149.8729,85.59,72,94,13.62,light rain
566,El Playon,CO,7.4713,-73.2031,80.87,62,53,0.47,broken clouds
567,Koscierzyna,PL,54.1223,17.9812,42.51,76,100,30.49,overcast clouds
568,Leh,IN,34.1667,77.5833,-2.13,96,100,1.88,overcast clouds
569,Tiarei,PF,-17.5333,-149.3333,86.02,74,99,12.53,overcast clouds
570,Rio Cuarto,AR,-33.1307,-64.3499,83.97,45,0,14.97,clear sky
571,Roma,US,43.2128,-75.4557,10.67,48,0,1.01,clear sky
572,Farliug,RO,45.4883,21.8494,32.58,89,88,5.06,overcast clouds
573,Sinegorskiy,RU,48.0139,40.8447,33.85,94,100,15.5,light snow
574,Humaita,BR,-7.5061,-63.0208,72.77,99,100,0.36,overcast clouds
575,Puerto Colombia,CO,10.9878,-74.9547,82.49,76,1,18.21,clear sky
576,Mae Sot,TH,16.7167,98.5667,60.62,87,61,1.74,broken clouds
577,Naze,JP,28.3667,129.4833,56.32,77,100,13.76,overcast clouds
578,Kalmunai,LK,7.4167,81.8167,75.94,86,20,1.68,few clouds
579,Kamina,CD,-8.7386,24.9906,65.07,96,100,4.0,overcast clouds
580,Zhicheng,CN,30.2956,111.5047,32.92,89,14,2.1,few clouds
581,Ust-Maya,RU,60.4167,134.5333,-31.58,99,93,0.74,overcast clouds
582,Saint Anthony,US,45.0205,-93.218,28.26,63,0,1.99,clear sky
583,Bouloupari,NC,-21.8667,166.05,82.31,75,43,8.68,scattered clouds
584,Byron Bay,AU,-28.65,153.6167,78.87,79,70,9.46,broken clouds
585,Belmonte,BR,-15.8631,-38.8828,79.3,82,17,9.86,few clouds
586,Indiana,US,40.0003,-86.2503,26.65,50,100,6.91,overcast clouds
587,Tha Chang,TH,9.2642,99.1922,75.22,94,20,2.3,few clouds
588,Nong Chik,TH,6.8436,101.178,72.12,90,8,4.14,clear sky
589,Zhangjiakou,CN,40.81,114.8794,16.68,56,18,0.54,light snow
590,Wokingham,GB,51.4112,-0.8357,45.63,73,38,4.0,scattered clouds
591,San Policarpo,PH,12.1791,125.5072,77.0,91,48,5.53,scattered clouds
592,Gigmoto,PH,13.7796,124.39,78.35,89,28,7.29,scattered clouds
593,Chimbote,PE,-9.0853,-78.5783,73.85,72,88,11.01,overcast clouds
594,Mehamn,NO,71.0357,27.8492,15.37,86,95,5.17,light snow
595,Itoigawa,JP,37.0333,137.85,32.61,90,100,6.26,snow
596,Hambantota,LK,6.1241,81.1185,77.95,82,73,6.91,broken clouds
597,Beyneu,KZ,45.3167,55.2,26.28,80,12,4.92,few clouds
598,Prieska,ZA,-29.6641,22.7474,80.92,36,100,6.69,overcast clouds
599,Sambava,MG,-14.2667,50.1667,75.34,90,27,6.64,scattered clouds
600,Lethem,GY,3.3803,-59.7968,88.12,40,73,11.36,broken clouds
601,Elk Plain,US,47.0532,-122.3976,55.6,55,0,1.99,clear sky
602,Muromtsevo,RU,56.3724,75.2418,2.77,89,100,6.58,overcast clouds
603,Kungurtug,RU,50.5994,97.5228,-23.24,98,44,1.41,scattered clouds
604,Bosaso,SO,11.2842,49.1816,71.73,69,95,5.19,overcast clouds
605,Jumla,NP,29.2747,82.1838,31.68,48,0,5.1,clear sky
606,Prince Albert,CA,53.2001,-105.7677,17.55,79,100,5.75,overcast clouds
607,Kisangani,CD,0.5167,25.2,70.97,46,2,1.74,clear sky
608,Kimbe,PG,-5.5502,150.1429,79.7,85,100,0.92,light rain
609,Daru,PG,-9.0763,143.2092,78.73,86,100,10.63,moderate rain
610,Mulatupo,PA,8.9492,-77.7652,80.37,69,16,10.63,few clouds
611,Qaqortoq,GL,60.7167,-46.0333,12.7,90,100,2.59,light snow
612,Okha,RU,53.5739,142.9478,-14.78,95,86,8.99,overcast clouds
613,Dothan,US,31.2232,-85.3905,45.64,27,0,3.0,clear sky
614,Buraydah,SA,26.326,43.975,52.25,36,0,17.13,clear sky
615,Mongoumba,CF,3.6415,18.5936,74.28,27,44,0.83,scattered clouds
616,Zheleznodorozhnyy,RU,55.7503,38.0042,25.02,98,94,2.84,overcast clouds
617,Kulim,MY,5.365,100.5618,81.5,90,55,3.24,broken clouds
618,Grand Gaube,MU,-20.0064,57.6608,79.2,75,93,1.99,overcast clouds
619,Siderno,IT,38.2779,16.302,50.4,57,1,8.21,clear sky
620,Ati,TD,13.2154,18.3353,65.32,13,26,12.15,scattered clouds
621,Alofi,NU,-19.0595,-169.9187,85.89,70,84,6.91,broken clouds
622,Burnie,AU,-41.0667,145.9167,65.95,80,76,6.29,broken clouds
623,Razdolinsk,RU,58.4211,94.6658,0.34,99,100,2.35,overcast clouds
624,Pangkalanbuun,ID,-2.6833,111.6167,75.43,93,100,1.63,light rain
625,Ormara,PK,25.2088,64.6357,70.75,78,0,10.36,clear sky
626,Gurupi,BR,-11.7292,-49.0686,72.36,94,95,4.99,overcast clouds
627,Zyryanskoye,RU,56.8306,86.6258,-0.13,99,90,3.2,overcast clouds
628,Santa Gertrudes,BR,-22.4567,-47.5303,72.7,94,100,2.71,light rain
629,Beroroha,MG,-21.6667,45.1667,76.6,72,7,2.95,clear sky
630,Adrar,MR,20.5022,-10.0711,77.25,12,100,11.05,overcast clouds
631,Coahuayana,MX,18.7333,-103.6833,87.28,47,0,7.02,clear sky
632,Taseyevo,RU,57.2169,94.8978,-11.02,99,100,2.26,overcast clouds
633,Jacareacanga,BR,-6.2222,-57.7528,72.82,99,100,1.81,light rain
634,Guadalupe Y Calvo,MX,26.1,-106.9667,60.49,30,2,9.6,clear sky
635,Havoysund,NO,70.9963,24.6622,23.88,73,96,10.78,light snow
636,Tignere,CM,7.3667,12.65,64.56,22,100,3.67,overcast clouds
637,Valparaiso,CL,-33.0393,-71.6273,71.83,59,20,11.5,few clouds
638,Usinsk,RU,65.9939,57.5281,12.36,91,100,19.08,overcast clouds
639,Vila Velha,BR,-20.3297,-40.2925,80.55,88,20,8.01,few clouds
640,Coihaique,CL,-45.5752,-72.0662,55.35,71,100,8.05,light intensity shower rain
641,Qrendi,MT,35.8347,14.4583,51.12,46,20,11.5,few clouds
642,Nantucket,US,41.2835,-70.0995,24.91,84,100,43.98,light snow
643,Mildura,AU,-34.2,142.15,73.36,68,0,9.22,clear sky
644,Huarmey,PE,-10.0681,-78.1522,73.81,75,27,10.54,scattered clouds
645,Kharp,RU,66.8014,65.8081,-13.27,100,100,1.57,overcast clouds
646,Inirida,CO,3.8653,-67.9239,84.58,51,95,3.02,overcast clouds
647,Tiksi,RU,71.6872,128.8694,-8.73,99,57,4.27,broken clouds
648,Pontianak,ID,-0.0333,109.3333,76.98,94,20,0.0,mist
649,Gizo,SB,-8.103,156.8419,82.83,77,99,7.99,light rain
650,Neuquen,AR,-38.9516,-68.0591,93.09,16,0,10.36,clear sky
651,Kosa,RU,59.9445,54.9977,4.44,98,87,4.43,overcast clouds
652,Niquero,CU,20.0431,-77.5828,77.74,66,2,15.82,clear sky
653,Malko Tarnovo,BG,41.9833,27.5333,26.58,86,61,2.19,broken clouds
654,Iseyin,NG,7.9667,3.6,79.2,19,100,6.11,overcast clouds
655,Onverwacht,SR,5.5833,-55.1833,80.46,89,40,9.22,scattered clouds
656,Chernyshevskiy,RU,63.0128,112.4714,-24.36,100,30,3.33,scattered clouds
657,Eureka,US,40.8021,-124.1637,61.66,73,4,1.01,clear sky
658,Yichun,CN,47.7,128.9,-9.87,100,87,2.86,overcast clouds
659,Charters Towers,AU,-20.1,146.2667,76.17,72,0,9.98,clear sky
660,Tairua,NZ,-37.0167,175.85,73.09,57,3,3.67,clear sky
661,Andra,RU,62.5147,65.8878,-2.63,96,100,5.84,overcast clouds
662,Baarle-Hertog,BE,51.4041,4.8916,47.79,79,75,4.0,broken clouds
663,Bandarbeyla,SO,9.4942,50.8122,75.76,64,95,20.96,overcast clouds
664,Juneau,US,58.3019,-134.4197,42.8,83,75,6.91,moderate rain
665,Pointe-Noire,CG,-4.7761,11.8635,80.67,89,20,4.61,few clouds
666,Erie,US,42.7667,-78.6664,12.13,68,70,4.56,broken clouds
667,Cooma,AU,-36.2333,149.1333,64.17,100,100,3.44,overcast clouds
668,Leningradskiy,RU,69.3833,178.4167,-8.81,90,61,4.85,broken clouds
669,Shizunai,JP,42.3339,142.3669,19.83,68,99,16.08,overcast clouds
670,Rock Springs,US,41.5875,-109.2029,38.64,22,0,13.8,clear sky
671,Dandong,CN,40.1292,124.3947,14.68,52,0,5.37,clear sky
672,Simdega,IN,22.6167,84.5167,51.39,34,0,3.6,clear sky
673,Kloulklubed,PW,7.0419,134.2556,75.7,78,71,11.16,broken clouds
674,Rocha,UY,-34.4833,-54.3333,71.4,67,6,10.63,clear sky
675,Raudeberg,NO,61.9875,5.1352,39.87,82,100,11.01,overcast clouds
676,Uvinza,TZ,-5.1036,30.3911,65.44,92,100,2.17,overcast clouds
677,Miraflores,MX,19.2167,-98.8083,71.02,40,10,4.83,clear sky
678,Wajir,KE,1.7471,40.0573,81.66,39,3,16.91,clear sky
679,Voh,NC,-20.9667,164.7,83.88,72,75,5.93,broken clouds
680,Menongue,AO,-14.6585,17.691,62.87,98,100,5.5,moderate rain
681,Gillette,US,44.2911,-105.5022,50.92,17,0,8.99,clear sky
682,Montepulciano,IT,43.1017,11.7868,40.12,66,49,3.56,scattered clouds
683,Port Augusta,AU,-32.5,137.7667,82.71,43,56,8.95,broken clouds
684,San Quintin,MX,30.4833,-115.95,65.68,35,5,8.23,clear sky
685,Barranca,PE,-10.75,-77.7667,71.89,76,64,9.19,broken clouds
686,Dasoguz,TM,41.8363,59.9666,22.95,93,4,6.91,clear sky
687,Hobyo,SO,5.3505,48.5268,76.57,77,30,23.11,scattered clouds
688,Gagra,GE,43.3283,40.2239,40.14,85,100,9.91,moderate rain
689,Sile,TR,41.1754,29.6133,37.56,63,55,1.54,broken clouds
690,Srednekolymsk,RU,67.45,153.6833,-26.16,100,89,4.36,overcast clouds
691,Teya,RU,60.3778,92.6267,2.88,98,100,2.8,light snow
692,Samarai,PG,-10.6167,150.6667,80.73,77,100,7.27,overcast clouds
693,Hoquiam,US,46.9809,-123.8893,53.44,67,0,0.0,clear sky
694,Avera,US,33.194,-82.5271,42.71,26,0,12.95,clear sky
695,Brokopondo,SR,4.75,-55.1667,78.12,77,72,8.5,broken clouds
696,Rawah,IQ,34.4816,41.9093,45.23,71,3,6.2,clear sky
697,Srandakan,ID,-7.9386,110.2506,77.18,88,100,3.89,overcast clouds
698,Moose Factory,CA,51.2585,-80.6094,-0.4,71,0,3.44,clear sky
699,Vao,NC,-22.6667,167.4833,78.87,87,88,12.88,moderate rain
700,Sioux Lookout,CA,50.1001,-91.917,10.78,79,100,6.91,overcast clouds
701,Camocim,BR,-2.9022,-40.8411,77.59,82,99,9.66,light rain
702,Anloga,GH,5.7947,0.8973,80.42,81,90,5.73,overcast clouds
703,Diamantino,BR,-14.4086,-56.4461,74.03,94,100,3.53,overcast clouds
704,Harper,LR,4.375,-7.7169,79.88,87,68,6.51,broken clouds
705,Alugan,PH,12.2188,125.4808,76.55,92,44,5.55,scattered clouds
706,Isetskoye,RU,56.4858,65.3226,7.86,93,100,3.96,overcast clouds
707,Cordoba,AR,-31.4135,-64.1811,82.6,53,20,8.05,few clouds
708,Bedesa,ET,8.9,40.7833,59.11,52,37,4.92,scattered clouds
709,Karratha,AU,-20.7377,116.8463,81.14,62,82,14.56,light rain
710,Quarai,BR,-30.3875,-56.4514,87.17,21,0,13.0,clear sky
711,Bayji,IQ,34.9311,43.487,46.45,69,30,1.83,scattered clouds
712,Liuzhou,CN,24.3126,109.3892,38.77,80,3,8.72,clear sky
713,Pokaran,IN,26.9167,71.9167,60.76,19,0,4.63,clear sky
714,Santa Maria Del Oro,MX,25.9333,-105.3667,67.93,31,5,9.24,clear sky
715,Linhares,BR,-19.3911,-40.0722,77.97,82,99,8.57,overcast clouds
716,Colares,PT,38.7992,-9.4469,59.9,36,9,5.01,clear sky
717,Hare Bay,CA,48.8499,-54.0148,31.35,95,100,16.93,snow
718,Opuwo,NA,-18.0607,13.84,69.75,43,100,4.25,overcast clouds
719,Ewa Beach,US,21.3156,-158.0072,80.6,53,40,10.36,scattered clouds
720,La Plata,AR,-34.9215,-57.9545,83.03,55,80,7.94,broken clouds
